{
    "mae": 0.049382330700224554,
    "rmse": 0.10494158068663346,
    "r2": 0.9889637876941985
}
