{
    "mae": 0.05054726303469244,
    "rmse": 0.10456488543248837,
    "r2": 0.9890454806410575
}
